name,slug,image
Tome of Life,tome-of-life,tome-of-life.jpg
Scarab Spin,slots,slots.jpg
Blue Samurai,slots-samurai,slots-samurai.jpg
Captain Xeno's Earth Adventure,playngo-captain-xenos-earth-adventure,playngo-captain-xenos-earth-adventure.jpg
24K Dragon,playngo-24k-dragon,playngo-24k-dragon.jpg
3 Clown Monty,playngo-3-clown-monty,playngo-3-clown-monty.jpg
3 Clown Monty 2,playngo-3-clown-monty-2,playngo-3-clown-monty-2.jpg
Ankh of Anubis,playngo-ankh-of-anubis,playngo-ankh-of-anubis.jpg
Beasts of Fire,playngo-beasts-of-fire,playngo-beasts-of-fire.jpg
Big Win 777,playngo-big-win-777,playngo-big-win-777.jpg
Black Mamba,playngo-black-mamba,playngo-black-mamba.jpg
Boat Bonanza,playngo-boat-bonanza,playngo-boat-bonanza.jpg
Boat Bonanza Colossal Catch,playngo-boat-bonanza-colossal-catch,playngo-boat-bonanza-colossal-catch.jpg
Book of Dead,playngo-book-of-dead,playngo-book-of-dead.jpg
Candy Island Princess,playngo-candy-island-princess,playngo-candy-island-princess.jpg
Cash of Command,playngo-cash-of-command,playngo-cash-of-command.jpg
Cat Wilde and the Doom of Dead,playngo-cat-wilde-and-the-doom-of-dead,playngo-cat-wilde-and-the-doom-of-dead.jpg
Cat Wilde and The Lost Chapter,playngo-cat-wilde-and-the-lost-chapter,playngo-cat-wilde-and-the-lost-chapter.jpg
Cat Wilde and the Pyramids of Dead,playngo-cat-wilde-and-the-pyramids-of-dead,playngo-cat-wilde-and-the-pyramids-of-dead.jpg
Cat Wilde in the Eclipse of the sun God,playngo-cat-wilde-in-the-eclipse-of-the-sun-god,playngo-cat-wilde-in-the-eclipse-of-the-sun-god.jpg
Clash of Camelot,playngo-clash-of-camelot,playngo-clash-of-camelot.jpg
Coils of Cash,playngo-coils-of-cash,playngo-coils-of-cash.jpg
Coywolf Cash,playngo-coywolf-cash,playngo-coywolf-cash.jpg
Dawn of Egypt,playngo-dawn-of-egypt,playngo-dawn-of-egypt.jpg
Diamonds of the Realm,playngo-diamonds-of-the-realm,playngo-diamonds-of-the-realm.jpg
Doom of Egypt ,playngo-doom-of-egypt,playngo-doom-of-egypt.jpg
Dr Toonz,playngo-dr-toonz,playngo-dr-toonz.jpg
Energoonz,playngo-energoonz,playngo-energoonz.jpg
Fire Joker,playngo-fire-joker,playngo-fire-joker.jpg
Gargantoonz,playngo-gargantoonz,playngo-gargantoonz.jpg
GEMiX,playngo-gemix,playngo-gemix.jpg
Gemix 2,playngo-gemix-2,playngo-gemix-2.jpg
Ghost of Dead,playngo-ghost-of-dead,playngo-ghost-of-dead.jpg
Gigantoonz,playngo-gigantoonz,playngo-gigantoonz.jpg
Gold Volcano,playngo-gold-volcano,playngo-gold-volcano.jpg
Golden Colts,playngo-golden-colts,playngo-golden-colts.jpg
Golden Osiris,playngo-golden-osiris,playngo-golden-osiris.jpg
Golden Ticket,playngo-golden-ticket,playngo-golden-ticket.jpg
Golden Ticket 2,playngo-golden-ticket-2,playngo-golden-ticket-2.jpg
Holiday Season,playngo-holiday-season,playngo-holiday-season.jpg
Honey Rush,playngo-honey-rush,playngo-honey-rush.jpg
Honey Rush 100,playngo-honey-rush-100,playngo-honey-rush-100.jpg
Hooligan Hustle,playngo-hooligan-hustle,playngo-hooligan-hustle.jpg
Hotel Yeti-Way,playngo-hotel-yeti-way,playngo-hotel-yeti-way.jpg
Idol of Fortune,playngo-idol-of-fortune,playngo-idol-of-fortune.jpg
Jade Magician,playngo-jade-magician,playngo-jade-magician.jpg
Legacy of Dead,playngo-legacy-of-dead,playngo-legacy-of-dead.jpg
Legacy of Egypt,playngo-legacy-of-egypt,playngo-legacy-of-egypt.jpg
Legend of the Ice Dragon,playngo-legend-of-the-ice-dragon,playngo-legend-of-the-ice-dragon.jpg
Leprechaun Goes Wild,playngo-leprechaun-goes-wild,playngo-leprechaun-goes-wild.jpg
Mahjong 88,playngo-mahjong-88,playngo-mahjong-88.jpg
Mega Don,playngo-mega-don,playngo-mega-don.jpg
Mega Don: Feeding Frenzy,playngo-mega-don-feeding-frenzy,playngo-mega-don-feeding-frenzy.jpg
Merlin and Ice Queen Morgana,playngo-merlin-and-ice-queen-morgana,playngo-merlin-and-ice-queen-morgana.jpg
Merlin: Journey Of Flame,playngo-merlin-journey-of-flame,playngo-merlin-journey-of-flame.jpg
Monkey: Battle For The Scrolls,playngo-monkey-battle-for-the-scrolls,playngo-monkey-battle-for-the-scrolls.jpg
Moon Princess,playngo-moon-princess,playngo-moon-princess.jpg
Moon Princess 100,playngo-moon-princess-hundred,playngo-moon-princess-hundred.jpg
Moon Princess Christmas Kingdom,playngo-moon-princess-christmas-kingdom,playngo-moon-princess-christmas-kingdom.jpg
Moon Princess Trinity,playngo-moon-princess-trinity,playngo-moon-princess-trinity.jpg
Muerto en Mictlan,playngo-muerto-en-mictlan,playngo-muerto-en-mictlan.jpg
Mystery Joker,playngo-mystery-joker,playngo-mystery-joker.jpg
Naughty Nick's Book,playngo-naughty-nicks-book,playngo-naughty-nicks-book.jpg
New Year Riches,playngo-new-year-riches,playngo-new-year-riches.jpg
Pack & Cash,playngo-pack-and-cash,playngo-pack-and-cash.jpg
Pandastic Adventure,playngo-pandastic-adventure,playngo-pandastic-adventure.jpg
Pearl Lagoon,playngo-pearl-lagoon,playngo-pearl-lagoon.jpg
Perfect Gems,playngo-perfect-gems,playngo-perfect-gems.jpg
Phoenix Reborn,playngo-phoenix-reborn,playngo-phoenix-reborn.jpg
Piggy Blitz,playngo-piggy-blitz,playngo-piggy-blitz.jpg
Pilgrim of Dead,playngo-pilgrim-of-dead,playngo-pilgrim-of-dead.jpg
Pimped,playngo-pimped,playngo-pimped.jpg
Prism of Gems,playngo-prism-of-gems,playngo-prism-of-gems.jpg
Raging Rex,playngo-raging-rex,playngo-raging-rex.jpg
Raging Rex 2,playngo-raging-rex-2,playngo-raging-rex-2.jpg
Raging Rex 3,playngo-raging-rex-3,playngo-raging-rex-3.jpg
Reactoonz,playngo-reactoonz,playngo-reactoonz.jpg
Reactoonz 2,playngo-reactoonz-2,playngo-reactoonz-2.jpg
Return of the Green Knight,playngo-return-of-the-green-knight,playngo-return-of-the-green-knight.jpg
Rich Wilde and the Amulet of Dead,playngo-rich-wilde-and-the-amulet-of-dead,playngo-rich-wilde-and-the-amulet-of-dead.jpg
Rich Wilde and the Shield of Athena,playngo-rich-wilde-and-the-shield-of-athena,playngo-rich-wilde-and-the-shield-of-athena.jpg
Rich Wilde and the Wandering City,playngo-rich-wilde-and-the-wandering-city,playngo-rich-wilde-and-the-wandering-city.jpg
Rise of Dead,playngo-rise-of-dead,playngo-rise-of-dead.jpg
Rise of Merlin,playngo-rise-of-merlin,playngo-rise-of-merlin.jpg
Rise of Olympus,playngo-rise-of-olympus,playngo-rise-of-olympus.jpg
Rise of Olympus 100,playngo-rise-of-olympus-100,playngo-rise-of-olympus-100.jpg
Ronin's Honour,playngo-ronins-honour,playngo-ronins-honour.jpg
Royal Masquerade,playngo-royal-masquerade,playngo-royal-masquerade.jpg
Ruff Heist,playngo-ruff-heist,playngo-ruff-heist.jpg
Scales Of Dead,playngo-scales-of-dead,playngo-scales-of-dead.jpg
Scroll of Dead,playngo-scroll-of-dead,playngo-scroll-of-dead.jpg
Scroll Of Seth,playngo-scroll-of-seth,playngo-scroll-of-seth.jpg
Secret of Dead,playngo-secret-of-dead,playngo-secret-of-dead.jpg
Sherwood Gold,playngo-sherwood-gold,playngo-sherwood-gold.jpg
The Shimmering Woods,playngo-shimmering-woods,playngo-shimmering-woods.jpg
Sisters of the Sun,playngo-sisters-of-the-sun,playngo-sisters-of-the-sun.jpg
Sparky and Shortz,playngo-sparky-and-shortz,playngo-sparky-and-shortz.jpg
Sparky & Shorts Hidden Joules,playngo-sparky-and-shortz-hidden-joules,playngo-sparky-and-shortz-hidden-joules.jpg
Star Joker,playngo-star-joker,playngo-star-joker.jpg
Super Flip,playngo-super-flip,playngo-super-flip.jpg
Sweet Alchemy,playngo-sweet-alchemy,playngo-sweet-alchemy.jpg
Sweet Alchemy 100,playngo-sweet-alchemy-100,playngo-sweet-alchemy-100.jpg
Sweet Alchemy 2,playngo-sweet-alchemy-2,playngo-sweet-alchemy-2.jpg
Tale of Kyubiko,playngo-tale-of-kyubiko,playngo-tale-of-kyubiko.jpg
Temple Of Prosperity,playngo-temple-of-prosperity,playngo-temple-of-prosperity.jpg
Ternion,playngo-ternion,playngo-ternion.jpg
The Green Knight,playngo-the-green-knight,playngo-the-green-knight.jpg
The Sword and The Grail,playngo-the-sword-and-the-grail,playngo-the-sword-and-the-grail.jpg
Troll Hunters,playngo-troll-hunters,playngo-troll-hunters.jpg
Troll Hunters 2,playngo-troll-hunters-2,playngo-troll-hunters-2.jpg
Viking Runecraft,playngo-viking-runecraft,playngo-viking-runecraft.jpg
Viking Runecraft: Apocalypse,playngo-viking-runecraft-apocalypse,playngo-viking-runecraft-apocalypse.jpg
Wild Falls,playngo-wild-falls,playngo-wild-falls.jpg
Wild Falls 2,playngo-wild-falls-2,playngo-wild-falls-2.jpg
Wild Frames,playngo-wild-frames,playngo-wild-frames.jpg
Wild North,playngo-wild-north,playngo-wild-north.jpg
Wildhound Derby,playngo-wildhound-derby,playngo-wildhound-derby.jpg
Xmas Magic,playngo-xmas-magic,playngo-xmas-magic.jpg
Forge of Gems,playngo-forge-of-gems,playngo-forge-of-gems.jpg
Fox Mayhem,playngo-fox-mayhem,playngo-fox-mayhem.jpg
Frozen Gems,playngo-frozen-gems,playngo-frozen-gems.jpg
Moon Princess: Power of Love,playngo-moon-princess-power-of-love,playngo-moon-princess-power-of-love.jpg
Rich Wilde and the Tome of Madness,playngo-tome-of-madness,playngo-tome-of-madness.jpg
Love Is In The Fair,playngo-love-is-in-the-fair,playngo-love-is-in-the-fair.jpg
Cat Wilde and The Incan Quest,playngo-cat-wilde-and-the-incan-quest,playngo-cat-wilde-and-the-incan-quest.jpg
Fat Frankies,playngo-fat-frankies,playngo-fat-frankies.jpg
Tales Of Mithrune Syn's Fortune,playngo-tales-of-mithrune-syns-fortune,playngo-tales-of-mithrune-syns-fortune.jpg
Viking Runecraft 100,playngo-viking-runecraft-100,playngo-viking-runecraft-100.jpg
Undefeated Xerxes,playngo-undefeated-xerxes,playngo-undefeated-xerxes.jpg
Legion Gold Unleashed,playngo-legion-gold-unleashed,playngo-legion-gold-unleashed.jpg
Banquet of Dead,playngo-banquet-of-dead,playngo-banquet-of-dead.jpg
Chambers of Ancients,playngo-chambers-of-ancients,playngo-chambers-of-ancients.jpg
Piranha Pays,playngo-piranha-pays,playngo-piranha-pays.jpg
Easter Eggspedition,playngo-easter-eggspedition,playngo-easter-eggspedition.jpg
Mystery Genie Fortunes of the Lamp,playngo-mystery-genie-fortunes-of-the-lamp,playngo-mystery-genie-fortunes-of-the-lamp.jpg
Tomb of Gold,playngo-tomb-of-gold,playngo-tomb-of-gold.jpg
Boat Bonanza Down Under,playngo-boat-bonanza-down-under,playngo-boat-bonanza-down-under.jpg
The Sword and the Grail Excalibur,playngo-the-sword-and-the-grail-excalibur,playngo-the-sword-and-the-grail-excalibur.jpg
Fulong 88,playngo-fulong-88,playngo-fulong-88.jpg
Wild Survivor,playngo-wild-survivor,playngo-wild-survivor.jpg
Spark of Genius,playngo-spark-of-genius,playngo-spark-of-genius.jpg
Rich Wilde and the Tome of Insanity,playngo-rich-wilde-and-the-tome-of-insanity,playngo-rich-wilde-and-the-tome-of-insanity.jpg
Colt Lightning Firestorm,playngo-colt-lightning-firestorm,playngo-colt-lightning-firestorm.jpg
Gold of Fortune God,playngo-gold-of-fortune-god,playngo-gold-of-fortune-god.jpg
Merlin Realm of Charm,playngo-merlin-realm-of-charm,playngo-merlin-realm-of-charm.jpg
Temple of Tollan,playngo-temple-of-tollan,playngo-temple-of-tollan.jpg
Journey to Paris,playngo-journey-to-paris,playngo-journey-to-paris.jpg
Oasis of Dead,playngo-oasis-of-dead,playngo-oasis-of-dead.jpg
Dansband På Turné,playngo-dansband-pa-turne,playngo-dansband-pa-turne.jpg
Whispering Winds,playngo-whispering-winds,playngo-whispering-winds.jpg
King’s Mask Eclipse of Gods,playngo-kings-mask-eclipse-of-gods,playngo-kings-mask-eclipse-of-gods.jpg
Rise of Olympus Origins,playngo-rise-of-olympus-origins,playngo-rise-of-olympus-origins.jpg
Mafia Gold,playngo-mafia-gold,playngo-mafia-gold.jpg
Joker Flip,playngo-joker-flip,playngo-joker-flip.jpg
Scourge of Rome,playngo-scourge-of-rome,playngo-scourge-of-rome.jpg
Ankh of Anubis Awakening,playngo-ankh-of-anubis-awakening,playngo-ankh-of-anubis-awakening.jpg
Gemix 100,playngo-gemix-100,playngo-gemix-100.jpg
Mirror Joker,playngo-mirror-joker,playngo-mirror-joker.jpg
Buildin Bucks,playngo-buildin-bucks,playngo-buildin-bucks.jpg
Divine Divas,playngo-divine-divas,playngo-divine-divas.jpg
 Kingdom Below,playngo-kingdom-below,playngo-kingdom-below.jpg
 Lady of Fortune Remastered,playngo-lady-of-fortune-remastered,playngo-lady-of-fortune-remastered.jpg
 Stepping Diamonds,playngo-stepping-diamonds,playngo-stepping-diamonds.jpg
Baron Lord Of Saturday,playngo-baron-lord-of-saturday,playngo-baron-lord-of-saturday.jpg
 Beasts of Fire Maximum,playngo-beasts-of-fire-maximum,playngo-beasts-of-fire-maximum.jpg
 Legion Gold and the Sphinx of Dead,playngo-legion-gold-and-the-sphinx-of-dead,playngo-legion-gold-and-the-sphinx-of-dead.jpg
 Piggy Blitz Disco Gold,playngo-piggy-blitz-disco-gold,playngo-piggy-blitz-disco-gold.jpg
 Rich Wilde and the Pearls of Vishnu,playngo-rich-wilde-and-the-pearls-of-vishnu,playngo-rich-wilde-and-the-pearls-of-vishnu.jpg
Helloween,playngo-helloween,playngo-helloween.jpg
 Boat Bonanza Christmas,playngo-boat-bonanza-christmas,playngo-boat-bonanza-christmas.jpg
 Wildest Gambit,playngo-wildest-gambit,playngo-wildest-gambit.jpg
Sobek's Godly Spins,playngo-sobeks-godly-spins,playngo-sobeks-godly-spins.jpg
 Lion Saga Odyssey,playngo-lion-saga-odyssey,playngo-lion-saga-odyssey.jpg
Hot Dog Heist,playngo-hot-dog-heist,playngo-hot-dog-heist.jpg
Jolly Roger Wild Kraken,playngo-jolly-roger-wild-kraken,playngo-jolly-roger-wild-kraken.jpg
Midnight Gold,playngo-midnight-gold,playngo-midnight-gold.jpg
 Treasures of Kongar,playngo-treasures-of-kongar,playngo-treasures-of-kongar.jpg
 Legacy of Gems Blitzways,playngo-legacy-of-gems-blitzways,playngo-legacy-of-gems-blitzways.jpg
Money Train 2,relax-money-train-2,relax-money-train-2.jpg
Iron Bank,relax-iron-bank,relax-iron-bank.jpg
Snake Arena,relax-snake-arena,relax-snake-arena.jpg
Money Train,relax-money-train,relax-money-train.jpg
Epic Joker,relax-epic-joker,relax-epic-joker.jpg
Hellcatraz,relax-hellcatraz,relax-hellcatraz.jpg
Tower Tumble,relax-tower-tumble,relax-tower-tumble.jpg
Zombie Circus,relax-zombie-circus,relax-zombie-circus.jpg
Aztec Luck,relax-aztec-luck,relax-aztec-luck.jpg
Ignite the Night,relax-ignitethe-night,relax-ignitethe-night.jpg
Dragons' Awakening,relax-dragons-awakening,relax-dragons-awakening.jpg
King of Kings,relax-kingof-kings,relax-kingof-kings.jpg
Powerspin,relax-powerspin,relax-powerspin.jpg
Caveman Bob,relax-caveman-bob,relax-caveman-bob.jpg
It's Time,relax-its-time,relax-its-time.jpg
Temple Tumble Megaways,relax-temple-tumble,relax-temple-tumble.jpg
Erik the Red,relax-erikthe-red,relax-erikthe-red.jpg
Wildchemy,relax-wildchemy,relax-wildchemy.jpg
Marching Legions,relax-marching-legions,relax-marching-legions.jpg
Heroes’ Gathering,relax-heroes-gathering,relax-heroes-gathering.jpg
Mega Masks,relax-mega-masks,relax-mega-masks.jpg
Mega Flip,relax-mega-flip,relax-mega-flip.jpg
The Great Pigsby,relax-the-great-pigsby,relax-the-great-pigsby.jpg
Let’s Get Ready To Rumble,relax-lets-get-ready-to-rumble,relax-lets-get-ready-to-rumble.jpg
TnT Tumble,relax-tn-t-tumble,relax-tn-t-tumble.jpg
Hypernova Megaways,relax-hypernova-megaways,relax-hypernova-megaways.jpg
La Fiesta,relax-la-fiesta,relax-la-fiesta.jpg
Ramses Revenge,relax-ramses-revenge,relax-ramses-revenge.jpg
Frequent Flyer,relax-frequent-flyer,relax-frequent-flyer.jpg
Kluster Krystals,relax-kluster-krystals,relax-kluster-krystals.jpg
Multiplier Odyssey,relax-multiplier-odyssey,relax-multiplier-odyssey.jpg
The Golden Sail,relax-the-golden-sail,relax-the-golden-sail.jpg
Emerald’s Infinity Reels,relax-emeralds-infinity-reels,relax-emeralds-infinity-reels.jpg
Templar Tumble,relax-templar-tumble,relax-templar-tumble.jpg
Wild Chapo,relax-wild-chapo,relax-wild-chapo.jpg
Book of 99,relax-book-of-99,relax-book-of-99.jpg
Sails of Fortune,relax-sails-of-fortune,relax-sails-of-fortune.jpg
Top Dawg$,relax-top-dawgs,relax-top-dawgs.jpg
Giza Infinity Reels,relax-giza-infinity-reels,relax-giza-infinity-reels.jpg
Atlantis Megaways,relax-atlantis-megaways,relax-atlantis-megaways.jpg
Spirit Of The Beast,relax-spirit-of-the-beast,relax-spirit-of-the-beast.jpg
Chip Spin,relax-chip-spin,relax-chip-spin.jpg
Deep Descent,relax-deep-descent,relax-deep-descent.jpg
Troll's Gold,relax-trolls-gold,relax-trolls-gold.jpg
Dead Man's Trail,relax-dead-mans-trail,relax-dead-mans-trail.jpg
Money Cart 2,relax-money-cart-2,relax-money-cart-2.jpg
Volatile Vikings,relax-volatile-vikings,relax-volatile-vikings.jpg
Helios' Fury,relax-helios-fury,relax-helios-fury.jpg
Mega Mine,relax-mega-mine,relax-mega-mine.jpg
Cluster Tumble,relax-cluster-tumble,relax-cluster-tumble.jpg
Lady Merlin Lightning Chase,relax-lady-merlin-lightning-chase,relax-lady-merlin-lightning-chase.jpg
"10,000 Wonders 10K Ways",relax-10000-wonders-10k-ways,relax-10000-wonders-10k-ways.jpg
Santa's Stack,relax-santas-stack,relax-santas-stack.jpg
Money Cart,relax-money-cart,relax-money-cart.jpg
Golden Gods,relax-golden-gods,relax-golden-gods.jpg
Super Boost,relax-super-boost,relax-super-boost.jpg
Mystery Stacks,relax-mystery-stacks,relax-mystery-stacks.jpg
Plunderland,relax-plunderland,relax-plunderland.jpg
Hazakura Ways,relax-hazakura-ways,relax-hazakura-ways.jpg
Star Pops,relax-star-pops,relax-star-pops.jpg
Sherlock Bones,relax-sherlock-bones,relax-sherlock-bones.jpg
Space Miners,relax-space-miners,relax-space-miners.jpg
Beast Mode,relax-beast-mode,relax-beast-mode.jpg
Tiger Kingdom,relax-tiger-kingdom,relax-tiger-kingdom.jpg
Hex,relax-hex,relax-hex.jpg
Midnight Marauder,relax-midnight-marauder,relax-midnight-marauder.jpg
Blender Blitz,relax-blender-blitz,relax-blender-blitz.jpg
Shamrock Money Pot 10K Ways,relax-shamrock-money-pot-10k-ways,relax-shamrock-money-pot-10k-ways.jpg
Dead Riders Trail,relax-dead-riders-trail,relax-dead-riders-trail.jpg
Money Train 3,relax-money-train3,relax-money-train3.jpg
Wild Buccaneers Megaways,relax-wild-buccaneers-megaways,relax-wild-buccaneers-megaways.jpg
Golden Calaveras,relax-golden-calaveras,relax-golden-calaveras.jpg
Wild Donuts,relax-wild-donuts,relax-wild-donuts.jpg
Christmas Santa,relax-christmas-santa,relax-christmas-santa.jpg
Great Pigsby Megaways,relax-great-pigsby-megaways,relax-great-pigsby-megaways.jpg
Wilds Of The West,relax-wilds-of-the-west,relax-wilds-of-the-west.jpg
Hot Rod Racers,relax-hot-rod-racers,relax-hot-rod-racers.jpg
Wild Yield,relax-wild-yield,relax-wild-yield.jpg
Tiki Bonanza,relax-tiki-bonanza,relax-tiki-bonanza.jpg
Remember Remember,relax-remember-remember,relax-remember-remember.jpg
Net Gains,relax-net-gains,relax-net-gains.jpg
Napoleon Vs Rabbits,relax-napoleon-vs-rabbits,relax-napoleon-vs-rabbits.jpg
Horror Hotel,relax-horror-hotel,relax-horror-hotel.jpg
Wild Hike,relax-wild-hike,relax-wild-hike.jpg
Wild Chapo 2,relax-wild-chapo-2,relax-wild-chapo-2.jpg
Book Of Power,relax-book-of-power,relax-book-of-power.jpg
Money Cart 3,relax-money-cart-3,relax-money-cart-3.jpg
Banana Town,relax-banana-town,relax-banana-town.jpg
Mega Heist,relax-mega-heist,relax-mega-heist.jpg
5 Monsters,relax-5-monsters,relax-5-monsters.jpg
Everest,relax-everest,relax-everest.jpg
Shark Wash,relax-shark-wash,relax-shark-wash.jpg
Sloth Tumble,relax-sloth-tumble,relax-sloth-tumble.jpg
Torii Tumble,relax-torii-tumble,relax-torii-tumble.jpg
Phoenix Up Cash,relax-phoenix-up-cash,relax-phoenix-up-cash.jpg
Joker Split,relax-joker-split,relax-joker-split.jpg
Money Train 4,relax-money-train-4,relax-money-train-4.jpg
Orca's Wild Bonanza Extenda Edition,relax-orcas-wild-bonanza-extenda-edition,relax-orcas-wild-bonanza-extenda-edition.jpg
Titan Strike,relax-titan-strike,relax-titan-strike.jpg
Mystery Stacks Deluxe,relax-mystery-stacks-deluxe,relax-mystery-stacks-deluxe.jpg
Bucks And Doe 10K Ways,relax-bucks-and-doe-10k-ways,relax-bucks-and-doe-10k-ways.jpg
Daruma's Wealth,relax-darumas-wealth,relax-darumas-wealth.jpg
Thor Infinity Reels,relax-thor-infinity-reels,relax-thor-infinity-reels.jpg
Lure Of Fortune,relax-lure-of-fortune,relax-lure-of-fortune.jpg
The Wild Drifter,relax-the-wild-drifter,relax-the-wild-drifter.jpg
Bill & Coin,relax-bill-and-coin,relax-bill-and-coin.jpg
Money Cart 4,relax-money-cart-4,relax-money-cart-4.jpg
Sweetopia Royale,relax-sweetopia-royale,relax-sweetopia-royale.jpg
Firewins Factory,relax-firewins-factory,relax-firewins-factory.jpg
Sultan Spins,relax-sultan-spins,relax-sultan-spins.jpg
Epic Dreams,relax-epic-dreams,relax-epic-dreams.jpg
Ancient Tumble,relax-ancient-tumble,relax-ancient-tumble.jpg
St Louis 1904,relax-st-louis-1904,relax-st-louis-1904.jpg
Aussies VS Emus,relax-aussies-vs-emus,relax-aussies-vs-emus.jpg
Atlantis Crush,relax-atlantis-crush,relax-atlantis-crush.jpg
Curse Of The Mummies,relax-curse-of-the-mummies,relax-curse-of-the-mummies.jpg
Bone Raiders,relax-bone-raiders,relax-bone-raiders.jpg
The Tumbles,relax-the-tumbles,relax-the-tumbles.jpg
10 Swords,pushgaming-10-swords,pushgaming-10-swords.jpg
Big Bam-book,pushgaming-big-bam-book,pushgaming-big-bam-book.jpg
Big Bamboo,pushgaming-big-bamboo,pushgaming-big-bamboo.jpg
Big Bite,pushgaming-big-bite,pushgaming-big-bite.jpg
Bison Battle,pushgaming-bison-battle,pushgaming-bison-battle.jpg
Blaze of Ra,pushgaming-blaze-of-ra,pushgaming-blaze-of-ra.jpg
Boss Bear,pushgaming-boss-bear,pushgaming-boss-bear.jpg
Crystal Catcher,pushgaming-crystal-catcher,pushgaming-crystal-catcher.jpg
DJ CAT,pushgaming-dj-cat,pushgaming-dj-cat.jpg
DJ Fox,pushgaming-dj-fox,pushgaming-dj-fox.jpg
Deadly 5,pushgaming-deadly-5,pushgaming-deadly-5.jpg
Dino P.D.,pushgaming-dino-pd,pushgaming-dino-pd.jpg
Dinopolis,pushgaming-dinopolis,pushgaming-dinopolis.jpg
Fat Banker,pushgaming-fat-banker,pushgaming-fat-banker.jpg
Fat Drac,pushgaming-fat-drac,pushgaming-fat-drac.jpg
Fat Rabbit,pushgaming-fat-rabbit,pushgaming-fat-rabbit.jpg
Fat Santa,pushgaming-fat-santa,pushgaming-fat-santa.jpg
Fire Hopper,pushgaming-fire-hopper,pushgaming-fire-hopper.jpg
Fish 'n' Nudge,pushgaming-fish-n-nudge,pushgaming-fish-n-nudge.jpg
Generous Jack,pushgaming-generous-jack,pushgaming-generous-jack.jpg
Giga Jar,pushgaming-giga-jar,pushgaming-giga-jar.jpg
Goat Getter,pushgaming-goat-getter,pushgaming-goat-getter.jpg
Hearts Highway,pushgaming-hearts-highway,pushgaming-hearts-highway.jpg
Jammin' Jars,pushgaming-jammin-jars,pushgaming-jammin-jars.jpg
Jammin' Jars 2,pushgaming-jammin-jars-2,pushgaming-jammin-jars-2.jpg
Joker Troupe,pushgaming-joker-troupe,pushgaming-joker-troupe.jpg
Mad Cars,pushgaming-mad-cars,pushgaming-mad-cars.jpg
Mystery Mission To The Moon,pushgaming-mystery-mission-to-the-moon,pushgaming-mystery-mission-to-the-moon.jpg
Mystery Museum,pushgaming-mystery-museum,pushgaming-mystery-museum.jpg
Rat King,pushgaming-rat-king,pushgaming-rat-king.jpg
Razor Returns,pushgaming-razor-returns,pushgaming-razor-returns.jpg
Razor Shark,pushgaming-razor-shark,pushgaming-razor-shark.jpg
Razor Ways,pushgaming-razor-ways,pushgaming-razor-ways.jpg
Retro Sweets,pushgaming-retro-sweets,pushgaming-retro-sweets.jpg
Retro Tapes,pushgaming-retro-tapes,pushgaming-retro-tapes.jpg
Samurai's Katana,pushgaming-samurais-katana,pushgaming-samurais-katana.jpg
Shamrock Saints,pushgaming-shamrock-saints,pushgaming-shamrock-saints.jpg
The grand show,pushgaming-the-grand-show,pushgaming-the-grand-show.jpg
Tiki Tumble,pushgaming-tiki-tumble,pushgaming-tiki-tumble.jpg
Wild Swarm,pushgaming-wild-swarm,pushgaming-wild-swarm.jpg
Wild Swarm 2,pushgaming-wild-swarm-2,pushgaming-wild-swarm-2.jpg
Quackin' Reels,relax-quackin-reels,relax-quackin-reels.jpg
Freaked out Fish,relax-freaked-out-fish,relax-freaked-out-fish.jpg
Feather Fury,relax-feather-fury,relax-feather-fury.jpg
Cats Of Olympuss,pushgaming-cats-of-olympuss,pushgaming-cats-of-olympuss.jpg
Pay Pig 10K Ways,relax-pay-pig-10k-ways,relax-pay-pig-10k-ways.jpg
The 3 Bears,relax-the-3-bears,relax-the-3-bears.jpg
Money Sleigh,relax-money-sleigh,relax-money-sleigh.jpg
Winter Champions,relax-winter-champions,relax-winter-champions.jpg
Big Bucks Bison 10K Ways,relax-big-bucks-bison-10k-ways,relax-big-bucks-bison-10k-ways.jpg
Buffalo Blow,relax-buffalo-blow,relax-buffalo-blow.jpg
Jaguar Drop,pushgaming-jaguar-drop,pushgaming-jaguar-drop.jpg
10000 Years Before Cash,relax-10000-years-before-cash,relax-10000-years-before-cash.jpg
Immortal 5,relax-immortal-5,relax-immortal-5.jpg
10 Flaming Bisons,pushgaming-flaming-bisons,pushgaming-flaming-bisons.jpg
Mystery of the Nile,pushgaming-mystery-of-the-nile,pushgaming-mystery-of-the-nile.jpg
Kraken's Cove,relax-krakens-cove,relax-krakens-cove.jpg
Dragon Hopper,pushgaming-dragon-hopper,pushgaming-dragon-hopper.jpg
Camelot Cash,relax-camelot-cash,relax-camelot-cash.jpg
